<?xml version="1.0" encoding="UTF-8"?>
<project-private xmlns="http://www.netbeans.org/ns/project-private/1">
    <editor-bookmarks xmlns="http://www.netbeans.org/ns/editor-bookmarks/2" lastBookmarkId="0"/>
    <open-files xmlns="http://www.netbeans.org/ns/projectui-open-files/2">
        <group>
            <file>file:/C:/Users/RC_Student_lab/Downloads/sweetshop%20last%20number/SweetShop%20Website%20(2)/SweetShop%20Website/SweetShopHomepage/public_html/index.html</file>
            <file>file:/C:/Users/RC_Student_lab/Downloads/sweetshop%20last%20number/SweetShop%20Website%20(2)/SweetShop%20Website/SweetShopHomepage/public_html/Admin%20page.html</file>
            <file>file:/C:/Users/RC_Student_lab/Downloads/sweetshop%20last%20number/SweetShop%20Website%20(2)/SweetShop%20Website/SweetShopHomepage/public_html/login%20home%20page.html</file>
            <file>file:/C:/Users/RC_Student_lab/Downloads/sweetshop%20last%20number/SweetShop%20Website%20(2)/SweetShop%20Website/SweetShopHomepage/public_html/Login.html</file>
        </group>
    </open-files>
</project-private>
