<?xml version="1.0" encoding="UTF-8"?>
<project-private xmlns="http://www.netbeans.org/ns/project-private/1">
    <editor-bookmarks xmlns="http://www.netbeans.org/ns/editor-bookmarks/2" lastBookmarkId="0"/>
    <open-files xmlns="http://www.netbeans.org/ns/projectui-open-files/2">
        <group>
            <file>file:/C:/Users/RC_Student_lab/Documents/SweetShopHomepage/SweetShopHomepage/public_html/Check%20Out.html</file>
            <file>file:/C:/Users/RC_Student_lab/Documents/SweetShopHomepage/SweetShopHomepage/public_html/productCatalog.html</file>
            <file>file:/C:/Users/RC_Student_lab/Documents/SweetShopHomepage/SweetShopHomepage/public_html/index.html</file>
            <file>file:/C:/Users/RC_Student_lab/Documents/SweetShopHomepage/SweetShopHomepage/public_html/contactUs.html</file>
            <file>file:/C:/Users/RC_Student_lab/Documents/SweetShopHomepage/SweetShopHomepage/public_html/shoppingCart.html</file>
            <file>file:/C:/Users/RC_Student_lab/Documents/SweetShopHomepage/SweetShopHomepage/public_html/Login.html</file>
        </group>
    </open-files>
</project-private>
